item_id,condition,parameters,seed,reference_raw,reference_normalized,hypothesis_raw,hypothesis_normalized,wer,cer,audio_seconds,decode_seconds,rtf
1272-128104-0000,clean,{},17,MISTER QUILTER IS THE APOSTLE OF THE MIDDLE CLASSES AND WE ARE GLAD TO WELCOME HIS GOSPEL,mister quilter is the apostle of the middle classes and we are glad to welcome his gospel,"Mr. Quilter is the apostle of the middle classes, and we are glad to welcome his gospel.",mr quilter is the apostle of the middle classes and we are glad to welcome his gospel,0.058824,0.044944,5.855,1.223472,0.208962
1272-128104-0000,noise_20db,"{""snr_db"": 20.0}",17,MISTER QUILTER IS THE APOSTLE OF THE MIDDLE CLASSES AND WE ARE GLAD TO WELCOME HIS GOSPEL,mister quilter is the apostle of the middle classes and we are glad to welcome his gospel,"Mr. Quilter is the apostle of the middle classes, and we are glad to welcome his gospel.",mr quilter is the apostle of the middle classes and we are glad to welcome his gospel,0.058824,0.044944,5.855,0.422555,0.07217
1272-128104-0000,noise_10db,"{""snr_db"": 10.0}",17,MISTER QUILTER IS THE APOSTLE OF THE MIDDLE CLASSES AND WE ARE GLAD TO WELCOME HIS GOSPEL,mister quilter is the apostle of the middle classes and we are glad to welcome his gospel,"Mr. Quilter is the apostle of the middle classes, and we are glad to welcome his gospel.",mr quilter is the apostle of the middle classes and we are glad to welcome his gospel,0.058824,0.044944,5.855,0.443335,0.075719
1272-128104-0000,noise_0db,"{""snr_db"": 0.0}",17,MISTER QUILTER IS THE APOSTLE OF THE MIDDLE CLASSES AND WE ARE GLAD TO WELCOME HIS GOSPEL,mister quilter is the apostle of the middle classes and we are glad to welcome his gospel,Mr. Closer is the apostle of the middle classes and he has led to the ultimate his gospel.,mr closer is the apostle of the middle classes and he has led to the ultimate his gospel,0.411765,0.258427,5.855,0.420621,0.07184
1272-128104-0000,reverb_room_a,"{""rir"": ""room_a""}",17,MISTER QUILTER IS THE APOSTLE OF THE MIDDLE CLASSES AND WE ARE GLAD TO WELCOME HIS GOSPEL,mister quilter is the apostle of the middle classes and we are glad to welcome his gospel,"Mr. Quilter is the apostle of the middle classes, and we are glad to welcome his gospel.",mr quilter is the apostle of the middle classes and we are glad to welcome his gospel,0.058824,0.044944,5.855,0.431622,0.073719
1272-128104-0000,speed_0.9x,"{""speed_factor"": 0.9}",17,MISTER QUILTER IS THE APOSTLE OF THE MIDDLE CLASSES AND WE ARE GLAD TO WELCOME HIS GOSPEL,mister quilter is the apostle of the middle classes and we are glad to welcome his gospel,"Mr. Quilter is the apostle of the middle classes, and we are glad to welcome his gospel.",mr quilter is the apostle of the middle classes and we are glad to welcome his gospel,0.058824,0.044944,6.505562,0.423357,0.065076
1272-128104-0000,speed_1.1x,"{""speed_factor"": 1.1}",17,MISTER QUILTER IS THE APOSTLE OF THE MIDDLE CLASSES AND WE ARE GLAD TO WELCOME HIS GOSPEL,mister quilter is the apostle of the middle classes and we are glad to welcome his gospel,"Mr. Quilter is the apostle of the middle classes, and we are glad to welcome his gospel.",mr quilter is the apostle of the middle classes and we are glad to welcome his gospel,0.058824,0.044944,5.32275,0.437481,0.082191
1272-128104-0001,clean,{},17,NOR IS MISTER QUILTER'S MANNER LESS INTERESTING THAN HIS MATTER,nor is mister quilter's manner less interesting than his matter,Nor is Mr. Quilter's manner less interesting than his matter.,nor is mr quilter's manner less interesting than his matter,0.1,0.063492,4.815,0.44449,0.092314
1272-128104-0001,noise_20db,"{""snr_db"": 20.0}",17,NOR IS MISTER QUILTER'S MANNER LESS INTERESTING THAN HIS MATTER,nor is mister quilter's manner less interesting than his matter,Nor is Mr. Coulter's manner less interesting than his matter.,nor is mr coulter's manner less interesting than his matter,0.2,0.111111,4.815,0.370468,0.07694
1272-128104-0001,noise_10db,"{""snr_db"": 10.0}",17,NOR IS MISTER QUILTER'S MANNER LESS INTERESTING THAN HIS MATTER,nor is mister quilter's manner less interesting than his matter,Nor is Mr. Colter's matter less interesting than his matter.,nor is mr colter's matter less interesting than his matter,0.3,0.142857,4.815,0.400994,0.08328
1272-128104-0001,noise_0db,"{""snr_db"": 0.0}",17,NOR IS MISTER QUILTER'S MANNER LESS INTERESTING THAN HIS MATTER,nor is mister quilter's manner less interesting than his matter,"Norers, Mr. Courters, and many of us in question, then who's madder?",norers mr courters and many of us in question then who's madder,1.2,0.52381,4.815,2.216815,0.460398
1272-128104-0001,reverb_room_a,"{""rir"": ""room_a""}",17,NOR IS MISTER QUILTER'S MANNER LESS INTERESTING THAN HIS MATTER,nor is mister quilter's manner less interesting than his matter,Nor is Mr. Quilter's matter less interesting than his matter.,nor is mr quilter's matter less interesting than his matter,0.2,0.095238,4.815,0.405131,0.084139
1272-128104-0001,speed_0.9x,"{""speed_factor"": 0.9}",17,NOR IS MISTER QUILTER'S MANNER LESS INTERESTING THAN HIS MATTER,nor is mister quilter's manner less interesting than his matter,Nor is Mr. Quilter's manner less interesting than his matter.,nor is mr quilter's manner less interesting than his matter,0.1,0.063492,5.35,0.373736,0.069857
1272-128104-0001,speed_1.1x,"{""speed_factor"": 1.1}",17,NOR IS MISTER QUILTER'S MANNER LESS INTERESTING THAN HIS MATTER,nor is mister quilter's manner less interesting than his matter,Nor is Mr. Colter's manner less interesting than his matter.,nor is mr colter's manner less interesting than his matter,0.2,0.111111,4.377313,0.425966,0.097312
1272-128104-0003,clean,{},17,HE HAS GRAVE DOUBTS WHETHER SIR FREDERICK LEIGHTON'S WORK IS REALLY GREEK AFTER ALL AND CAN DISCOVER IN IT BUT LITTLE OF ROCKY ITHACA,he has grave doubts whether sir frederick leighton's work is really greek after all and can discover in it but little of rocky ithaca,"He has grave doubts whether Sir Frederick Layton's work is really Greek after all, and can discover in it but little of rocky Ithaca.",he has grave doubts whether sir frederick layton's work is really greek after all and can discover in it but little of rocky ithaca,0.041667,0.030075,9.9,0.454189,0.045878
1272-128104-0003,noise_20db,"{""snr_db"": 20.0}",17,HE HAS GRAVE DOUBTS WHETHER SIR FREDERICK LEIGHTON'S WORK IS REALLY GREEK AFTER ALL AND CAN DISCOVER IN IT BUT LITTLE OF ROCKY ITHACA,he has grave doubts whether sir frederick leighton's work is really greek after all and can discover in it but little of rocky ithaca,"He has great doubts whether Sir Frederick Layton's work is really Greek after all, and can discover in it but little of wonky Iseca.",he has great doubts whether sir frederick layton's work is really greek after all and can discover in it but little of wonky iseca,0.166667,0.090226,9.9,0.411905,0.041607
1272-128104-0003,noise_10db,"{""snr_db"": 10.0}",17,HE HAS GRAVE DOUBTS WHETHER SIR FREDERICK LEIGHTON'S WORK IS REALLY GREEK AFTER ALL AND CAN DISCOVER IN IT BUT LITTLE OF ROCKY ITHACA,he has grave doubts whether sir frederick leighton's work is really greek after all and can discover in it but little of rocky ithaca,He has great doubts whether Sir Frederick Leighton's work is really great after all and can discover in it but little of Waki Iseka.,he has great doubts whether sir frederick leighton's work is really great after all and can discover in it but little of waki iseka,0.166667,0.097744,9.9,0.449348,0.045389
1272-128104-0003,noise_0db,"{""snr_db"": 0.0}",17,HE HAS GRAVE DOUBTS WHETHER SIR FREDERICK LEIGHTON'S WORK IS REALLY GREEK AFTER ALL AND CAN DISCOVER IN IT BUT LITTLE OF ROCKY ITHACA,he has grave doubts whether sir frederick leighton's work is really greek after all and can discover in it but little of rocky ithaca,"He has great notes for that. So he's going to make him work with me, beat after all. And he can discover in it a little while he isn't hurt.",he has great notes for that so he's going to make him work with me beat after all and he can discover in it a little while he isn't hurt,0.791667,0.511278,9.9,0.487794,0.049272
1272-128104-0003,reverb_room_a,"{""rir"": ""room_a""}",17,HE HAS GRAVE DOUBTS WHETHER SIR FREDERICK LEIGHTON'S WORK IS REALLY GREEK AFTER ALL AND CAN DISCOVER IN IT BUT LITTLE OF ROCKY ITHACA,he has grave doubts whether sir frederick leighton's work is really greek after all and can discover in it but little of rocky ithaca,"He has grave doubts whether Sir Frederick Layton's work is really Greek after all, and can discover in it but little of wonky ithaka.",he has grave doubts whether sir frederick layton's work is really greek after all and can discover in it but little of wonky ithaka,0.125,0.052632,9.9,0.499573,0.050462
1272-128104-0003,speed_0.9x,"{""speed_factor"": 0.9}",17,HE HAS GRAVE DOUBTS WHETHER SIR FREDERICK LEIGHTON'S WORK IS REALLY GREEK AFTER ALL AND CAN DISCOVER IN IT BUT LITTLE OF ROCKY ITHACA,he has grave doubts whether sir frederick leighton's work is really greek after all and can discover in it but little of rocky ithaca,"He has grave doubts whether Sir Frederick Layton's work is really Greek after all, and can discover in it but little of rocky Ithaca.",he has grave doubts whether sir frederick layton's work is really greek after all and can discover in it but little of rocky ithaca,0.041667,0.030075,11.0,0.567968,0.051633
1272-128104-0003,speed_1.1x,"{""speed_factor"": 1.1}",17,HE HAS GRAVE DOUBTS WHETHER SIR FREDERICK LEIGHTON'S WORK IS REALLY GREEK AFTER ALL AND CAN DISCOVER IN IT BUT LITTLE OF ROCKY ITHACA,he has grave doubts whether sir frederick leighton's work is really greek after all and can discover in it but little of rocky ithaca,He has grave doubts whether Sir Frederick Layton's work is really Greek after all and can discover in it but little of rocky Ithaca.,he has grave doubts whether sir frederick layton's work is really greek after all and can discover in it but little of rocky ithaca,0.041667,0.030075,9.0,0.506318,0.056258
1272-128104-0006,clean,{},17,ON THE GENERAL PRINCIPLES OF ART MISTER QUILTER WRITES WITH EQUAL LUCIDITY,on the general principles of art mister quilter writes with equal lucidity,"On the general principles of art, Mr. Krilter writes with equal lucidity.",on the general principles of art mr krilter writes with equal lucidity,0.166667,0.081081,5.64,0.421237,0.074687
1272-128104-0006,noise_20db,"{""snr_db"": 20.0}",17,ON THE GENERAL PRINCIPLES OF ART MISTER QUILTER WRITES WITH EQUAL LUCIDITY,on the general principles of art mister quilter writes with equal lucidity,"On the general principles of art, Mr. Krilter writes with equal lucidity.",on the general principles of art mr krilter writes with equal lucidity,0.166667,0.081081,5.64,0.433935,0.076939
1272-128104-0006,noise_10db,"{""snr_db"": 10.0}",17,ON THE GENERAL PRINCIPLES OF ART MISTER QUILTER WRITES WITH EQUAL LUCIDITY,on the general principles of art mister quilter writes with equal lucidity,"On the general principles of art, Mr. Croater writes with equal lucidity.",on the general principles of art mr croater writes with equal lucidity,0.166667,0.108108,5.64,0.425079,0.075369
1272-128104-0006,noise_0db,"{""snr_db"": 0.0}",17,ON THE GENERAL PRINCIPLES OF ART MISTER QUILTER WRITES WITH EQUAL LUCIDITY,on the general principles of art mister quilter writes with equal lucidity,and the general principles of art to make the trophy right to the people in this city team.,and the general principles of art to make the trophy right to the people in this city team,1.083333,0.594595,5.64,0.817618,0.144968
1272-128104-0006,reverb_room_a,"{""rir"": ""room_a""}",17,ON THE GENERAL PRINCIPLES OF ART MISTER QUILTER WRITES WITH EQUAL LUCIDITY,on the general principles of art mister quilter writes with equal lucidity,"On the general principles of art, Mr. Krilter writes with equal lucidity.",on the general principles of art mr krilter writes with equal lucidity,0.166667,0.081081,5.64,0.389805,0.069114
1272-128104-0006,speed_0.9x,"{""speed_factor"": 0.9}",17,ON THE GENERAL PRINCIPLES OF ART MISTER QUILTER WRITES WITH EQUAL LUCIDITY,on the general principles of art mister quilter writes with equal lucidity,"On the general principles of art, Mr. Krilter writes with equal lucidity.",on the general principles of art mr krilter writes with equal lucidity,0.166667,0.081081,6.266687,0.428365,0.068356
1272-128104-0006,speed_1.1x,"{""speed_factor"": 1.1}",17,ON THE GENERAL PRINCIPLES OF ART MISTER QUILTER WRITES WITH EQUAL LUCIDITY,on the general principles of art mister quilter writes with equal lucidity,"On the general principles of art, Mr. Quilter writes with equal lucidity.",on the general principles of art mr quilter writes with equal lucidity,0.083333,0.054054,5.127313,0.390222,0.076107
1272-128104-0007,clean,{},17,PAINTING HE TELLS US IS OF A DIFFERENT QUALITY TO MATHEMATICS AND FINISH IN ART IS ADDING MORE FACT,painting he tells us is of a different quality to mathematics and finish in art is adding more fact,"Painting, he tells us, is of a different quality to mathematics and finish in art is adding more effect.",painting he tells us is of a different quality to mathematics and finish in art is adding more effect,0.052632,0.030303,9.24,0.431706,0.046721
1272-128104-0007,noise_20db,"{""snr_db"": 20.0}",17,PAINTING HE TELLS US IS OF A DIFFERENT QUALITY TO MATHEMATICS AND FINISH IN ART IS ADDING MORE FACT,painting he tells us is of a different quality to mathematics and finish in art is adding more fact,"Painting, he tells us, is of a different quality to mathematics and finish in art is adding more effect.",painting he tells us is of a different quality to mathematics and finish in art is adding more effect,0.052632,0.030303,9.24,0.451106,0.048821
1272-128104-0007,noise_10db,"{""snr_db"": 10.0}",17,PAINTING HE TELLS US IS OF A DIFFERENT QUALITY TO MATHEMATICS AND FINISH IN ART IS ADDING MORE FACT,painting he tells us is of a different quality to mathematics and finish in art is adding more fact,"Painting, he tells us, is of a different quality to mathematics. And finish in art is adding more effect.",painting he tells us is of a different quality to mathematics and finish in art is adding more effect,0.052632,0.030303,9.24,0.452809,0.049005
1272-128104-0007,noise_0db,"{""snr_db"": 0.0}",17,PAINTING HE TELLS US IS OF A DIFFERENT QUALITY TO MATHEMATICS AND FINISH IN ART IS ADDING MORE FACT,painting he tells us is of a different quality to mathematics and finish in art is adding more fact,The painting details are squeezed of a different quality from mathematics and finished in art is adding more effect.,the painting details are squeezed of a different quality from mathematics and finished in art is adding more effect,0.421053,0.272727,9.24,0.442104,0.047847
1272-128104-0007,reverb_room_a,"{""rir"": ""room_a""}",17,PAINTING HE TELLS US IS OF A DIFFERENT QUALITY TO MATHEMATICS AND FINISH IN ART IS ADDING MORE FACT,painting he tells us is of a different quality to mathematics and finish in art is adding more fact,"Painting, he tells us, is of a different quality to mathematics, and finish in art is adding more effect.",painting he tells us is of a different quality to mathematics and finish in art is adding more effect,0.052632,0.030303,9.24,0.445674,0.048233
1272-128104-0007,speed_0.9x,"{""speed_factor"": 0.9}",17,PAINTING HE TELLS US IS OF A DIFFERENT QUALITY TO MATHEMATICS AND FINISH IN ART IS ADDING MORE FACT,painting he tells us is of a different quality to mathematics and finish in art is adding more fact,"Painting, he tells us, is of a different quality to mathematics, and finish in art is adding more factor.",painting he tells us is of a different quality to mathematics and finish in art is adding more factor,0.052632,0.020202,10.266687,0.432832,0.042159
1272-128104-0007,speed_1.1x,"{""speed_factor"": 1.1}",17,PAINTING HE TELLS US IS OF A DIFFERENT QUALITY TO MATHEMATICS AND FINISH IN ART IS ADDING MORE FACT,painting he tells us is of a different quality to mathematics and finish in art is adding more fact,"Painting, he tells us, is of a different quality to mathematics, and finish in art is adding more effect.",painting he tells us is of a different quality to mathematics and finish in art is adding more effect,0.052632,0.030303,8.4,0.446806,0.053191
